"p10","p25","p50","p75","p90","metric","comid","result_type","source2","ReportingNode"
109,129,168,196.5,205,"DS_Dur_WS",22515826,"observed","SWMM
","11101250"
216.3,225.5,254.5,308.5,321.1,"DS_Tim",22515826,"observed","SWMM
","11101250"
0.406,0.799825,0.8774,0.96165,1.1689,"DS_Mag_50",22515826,"observed","SWMM
","11101250"
0.98235,1.31351,1.56052,1.90486,2.6832,"DS_Mag_90",22515826,"observed","SWMM
","11101250"
2,2,3,4,4,"FA_Dur",22515826,"observed","SWMM
","11101250"
3.73919747915071,7.68865302563224,111.560757664956,302.89815535372,438.047906533933,"FA_Mag",22515826,"observed","SWMM
","11101250"
4.1,5.75,9,13.75,22.3,"FA_Tim",22515826,"observed","SWMM
","11101250"
0.10262252593921,0.154578742803291,0.235360061295256,0.34391394555798,0.50867196230733,"SP_ROC",22515826,"observed","SWMM
","11101250"
8.9,18,86.5,111.25,161.1,"SP_Dur",22515826,"observed","SWMM
","11101250"
97.7908,216.3161,432.29155,1193.865725,1600.468,"SP_Mag",22515826,"observed","SWMM
","11101250"
142.3,158.5,194.5,217.25,223.4,"SP_Tim",22515826,"observed","SWMM
","11101250"
67,80.5,135,155.5,206,"Wet_BFL_Dur",22515826,"observed","SWMM
","11101250"
0.26814,0.31451,0.44822,0.707675,0.84444,"Wet_BFL_Mag_10",22515826,"observed","SWMM
","11101250"
0.7022,0.756575,1.1394,2.17525,34.7125,"Wet_BFL_Mag_50",22515826,"observed","SWMM
","11101250"
12,30.5,54,66,88,"Wet_Tim",22515826,"observed","SWMM
","11101250"
85.85,91.625,101.25,110.875,116.65,"Peak_Tim_10",22515826,"observed","SWMM
","11101250"
98.4,108,124.5,129.5,139.8,"Peak_Tim_2",22515826,"observed","SWMM
","11101250"
86.8,98.5,118,119,119.6,"Peak_Tim_5",22515826,"observed","SWMM
","11101250"
1.6,2.5,4,5.5,6.4,"Peak_Dur_10",22515826,"observed","SWMM
","11101250"
1,1.5,2,4,16.6,"Peak_Dur_2",22515826,"observed","SWMM
","11101250"
1.6,2.5,4,10,13.6,"Peak_Dur_5",22515826,"observed","SWMM
","11101250"
2745.79486,2745.79486,2745.79486,2745.79486,2745.79486,"Peak_10",22515826,"observed","SWMM
","11101250"
1247.1206,1247.1206,1247.1206,1247.1206,1247.1206,"Peak_2",22515826,"observed","SWMM
","11101250"
1733.26598,1733.26598,1733.26598,1733.26598,1733.26598,"Peak_5",22515826,"observed","SWMM
","11101250"
1.1,1.25,1.5,1.75,1.9,"Peak_Fre_10",22515826,"observed","SWMM
","11101250"
1,1.5,2,2.5,4.6,"Peak_Fre_2",22515826,"observed","SWMM
","11101250"
1,1,1,3.5,5,"Peak_Fre_5",22515826,"observed","SWMM
","11101250"
152.5,183.5,199,222.75,251.5,"DS_Dur_WS",22514974,"observed","SWMM
","F300"
196.2,225,237,254.5,276.6,"DS_Tim",22514974,"observed","SWMM
","F300"
51.177925,53.6977875,56.166625,59.0052125,61.861925,"DS_Mag_50",22514974,"observed","SWMM
","F300"
55.39518,59.6057425,61.53099,64.143245,71.85803,"DS_Mag_90",22514974,"observed","SWMM
","F300"
1,1.5,3,3,3.4,"FA_Dur",22514974,"observed","SWMM
","F300"
130.242928007706,135.794904432383,138.011266918389,304.251575442451,833.743996112274,"FA_Mag",22514974,"observed","SWMM
","F300"
3.6,4,8,13,22,"FA_Tim",22514974,"observed","SWMM
","F300"
0.00426095185095686,0.00855848250535961,0.0153288360712999,0.0534161320726961,0.0901794839393228,"SP_ROC",22514974,"observed","SWMM
","F300"
19.6,28,48,73.5,102.8,"SP_Dur",22514974,"observed","SWMM
","F300"
545.6603,1027.63125,2296.7361,4262.92835,5966.59238,"SP_Mag",22514974,"observed","SWMM
","F300"
149.6,154.5,175,197,207.8,"SP_Tim",22514974,"observed","SWMM
","F300"
49,84,111.5,126.25,158,"Wet_BFL_Dur",22514974,"observed","SWMM
","F300"
50.62612,56.44882,59.207445,63.5057375,65.13644,"Wet_BFL_Mag_10",22514974,"observed","SWMM
","F300"
58.65435,66.4455625,72.47495,79.010775,81.444475,"Wet_BFL_Mag_50",22514974,"observed","SWMM
","F300"
41,50.25,62.5,66.5,99.5,"Wet_Tim",22514974,"observed","SWMM
","F300"
170,170,170,170,170,"Peak_Tim_10",22514974,"observed","SWMM
","F300"
84.3,102.75,118.75,130.875,142.35,"Peak_Tim_2",22514974,"observed","SWMM
","F300"
142.1,146.75,154.5,162.25,166.9,"Peak_Tim_5",22514974,"observed","SWMM
","F300"
1,1,1,1,1,"Peak_Dur_10",22514974,"observed","SWMM
","F300"
1,1,1.5,2.25,2.7,"Peak_Dur_2",22514974,"observed","SWMM
","F300"
1,1,1,1,1,"Peak_Dur_5",22514974,"observed","SWMM
","F300"
7457.8472,7457.8472,7457.8472,7457.8472,7457.8472,"Peak_10",22514974,"observed","SWMM
","F300"
2814.8193,2814.8193,2814.8193,2814.8193,2814.8193,"Peak_2",22514974,"observed","SWMM
","F300"
6110.75146,6110.75146,6110.75146,6110.75146,6110.75146,"Peak_5",22514974,"observed","SWMM
","F300"
1,1,1,1,1,"Peak_Fre_10",22514974,"observed","SWMM
","F300"
1,1,1.5,2.25,2.7,"Peak_Fre_2",22514974,"observed","SWMM
","F300"
1,1,1,1,1,"Peak_Fre_5",22514974,"observed","SWMM
","F300"
158.5,173,197.5,204.75,207.5,"DS_Dur_WS",22518274,"observed","SWMM
","F319"
222.4,229.5,239,241.5,285.2,"DS_Tim",22518274,"observed","SWMM
","F319"
117.9982,122.5421375,124.40595,131.81065,141.417525,"DS_Mag_50",22518274,"observed","SWMM
","F319"
134.624405,137.9960075,148.72235,177.39269,184.98486,"DS_Mag_90",22518274,"observed","SWMM
","F319"
1.6,2.5,3,5,6.8,"FA_Dur",22518274,"observed","SWMM
","F319"
326.42032459528,472.333466813252,755.726050743263,1483.03963583852,3361.44447725929,"FA_Mag",22518274,"observed","SWMM
","F319"
3.6,4,8,13,22,"FA_Tim",22518274,"observed","SWMM
","F319"
0.0137920529810116,0.0161251943992623,0.0234420125335671,0.0327452947647698,0.0383956150287701,"SP_ROC",22518274,"observed","SWMM
","F319"
22,33.5,60,75.5,102.6,"SP_Dur",22518274,"observed","SWMM
","F319"
961.78978,1352.5109,1604.1455,8027.78765,12359.63162,"SP_Mag",22518274,"observed","SWMM
","F319"
149.6,164.5,194,216.5,224.2,"SP_Tim",22518274,"observed","SWMM
","F319"
45.5,82.5,120.5,166,179.5,"Wet_BFL_Dur",22518274,"observed","SWMM
","F319"
117.585375,121.00052,132.11887,151.91217,157.674265,"Wet_BFL_Mag_10",22518274,"observed","SWMM
","F319"
132.277475,135.505475,160.62725,188.9299625,206.901275,"Wet_BFL_Mag_50",22518274,"observed","SWMM
","F319"
45.5,52,64,70,103,"Wet_Tim",22518274,"observed","SWMM
","F319"
113,113,113,113,113,"Peak_Tim_10",22518274,"observed","SWMM
","F319"
84.3,102.75,118.75,130.875,142.35,"Peak_Tim_2",22518274,"observed","SWMM
","F319"
82.4,87.5,96,104.5,109.6,"Peak_Tim_5",22518274,"observed","SWMM
","F319"
1,1,1,1,1,"Peak_Dur_10",22518274,"observed","SWMM
","F319"
1,1,2,3.5,4.4,"Peak_Dur_2",22518274,"observed","SWMM
","F319"
1,1,1,1,1,"Peak_Dur_5",22518274,"observed","SWMM
","F319"
20364.29922,20364.29922,20364.29922,20364.29922,20364.29922,"Peak_10",22518274,"observed","SWMM
","F319"
7132.2474,7132.2474,7132.2474,7132.2474,7132.2474,"Peak_2",22518274,"observed","SWMM
","F319"
16661.08954,16661.08954,16661.08954,16661.08954,16661.08954,"Peak_5",22518274,"observed","SWMM
","F319"
1,1,1,1,1,"Peak_Fre_10",22518274,"observed","SWMM
","F319"
1,1,1.5,2.25,2.7,"Peak_Fre_2",22518274,"observed","SWMM
","F319"
1,1,1,1,1,"Peak_Fre_5",22518274,"observed","SWMM
","F319"
168.5,195.75,200,202.75,204.5,"DS_Dur_WS",22518268,"observed","SWMM
","F34D"
222.6,230.5,238,241.5,266.6,"DS_Tim",22518268,"observed","SWMM
","F34D"
116.690525,122.1878,124.1462,127.02095,137.987,"DS_Mag_50",22518268,"observed","SWMM
","F34D"
133.69452,135.1351075,142.440835,174.8780725,183.53768,"DS_Mag_90",22518268,"observed","SWMM
","F34D"
1.6,2.5,3,5,6.8,"FA_Dur",22518268,"observed","SWMM
","F34D"
318.249515165218,442.821092827937,533.33233392798,966.636886439115,2038.18203048742,"FA_Mag",22518268,"observed","SWMM
","F34D"
3.6,4,8,13,22,"FA_Tim",22518268,"observed","SWMM
","F34D"
0.0139955352846185,0.017198368489072,0.0196732310217136,0.0274007516259606,0.0406971083461432,"SP_ROC",22518268,"observed","SWMM
","F34D"
20.4,32.5,59,74.5,83,"SP_Dur",22518268,"observed","SWMM
","F34D"
702.34772,1057.51315,1410.7205,6659.8118,9921.42842,"SP_Mag",22518268,"observed","SWMM
","F34D"
149.6,164.5,195,216.5,224.2,"SP_Tim",22518268,"observed","SWMM
","F34D"
47,84,121,167,192.5,"Wet_BFL_Dur",22518268,"observed","SWMM
","F34D"
116.141005,116.5409425,119.95303,132.22558,143.303055,"Wet_BFL_Mag_10",22518268,"observed","SWMM
","F34D"
131.111825,134.7275,143.6507,162.4707875,169.28755,"Wet_BFL_Mag_50",22518268,"observed","SWMM
","F34D"
32.5,52,64,68.5,101.5,"Wet_Tim",22518268,"observed","SWMM
","F34D"
170,170,170,170,170,"Peak_Tim_10",22518268,"observed","SWMM
","F34D"
75,79.5,104,132,142.8,"Peak_Tim_2",22518268,"observed","SWMM
","F34D"
142.1,146.75,154.5,162.25,166.9,"Peak_Tim_5",22518268,"observed","SWMM
","F34D"
1,1,1,1,1,"Peak_Dur_10",22518268,"observed","SWMM
","F34D"
1,1,1.5,2.25,2.7,"Peak_Dur_2",22518268,"observed","SWMM
","F34D"
1,1,1,1,1,"Peak_Dur_5",22518268,"observed","SWMM
","F34D"
11555.76716,11555.76716,11555.76716,11555.76716,11555.76716,"Peak_10",22518268,"observed","SWMM
","F34D"
5621.1507,5621.1507,5621.1507,5621.1507,5621.1507,"Peak_2",22518268,"observed","SWMM
","F34D"
9947.80294,9947.80294,9947.80294,9947.80294,9947.80294,"Peak_5",22518268,"observed","SWMM
","F34D"
1,1,1,1,1,"Peak_Fre_10",22518268,"observed","SWMM
","F34D"
1,1,1.5,2.25,2.7,"Peak_Fre_2",22518268,"observed","SWMM
","F34D"
1,1,1,1,1,"Peak_Fre_5",22518268,"observed","SWMM
","F34D"
183,187.5,199.5,209.25,209.7,"DS_Dur_WS",22518110,"observed","SWMM
","F37B"
226,227.25,230,236.5,239,"DS_Tim",22518110,"observed","SWMM
","F37B"
0,0,0,0,0,"DS_Mag_50",22518110,"observed","SWMM
","F37B"
0.000806999999999999,0.0020175,0.0664299999999999,0.1310125,0.132529,"DS_Mag_90",22518110,"observed","SWMM
","F37B"
6,7,7,7,8,"FA_Dur",22518110,"observed","SWMM
","F37B"
19.4777493373123,27.259141746838,35.1508054737094,45.3185475171955,64.3792552799635,"FA_Mag",22518110,"observed","SWMM
","F37B"
4,4.25,7.5,14.5,23.5,"FA_Tim",22518110,"observed","SWMM
","F37B"
0.844086464857412,0.875370663496861,0.927535187222581,0.943520583316703,0.960297135736931,"SP_ROC",22518110,"observed","SWMM
","F37B"
12,14,25.5,55.75,73.5,"SP_Dur",22518110,"observed","SWMM
","F37B"
19.19965,26.4229,37.729,69.490825,351.3027,"SP_Mag",22518110,"observed","SWMM
","F37B"
159,179.75,203,218.75,222,"SP_Tim",22518110,"observed","SWMM
","F37B"
88.4,113,130,172,178,"Wet_BFL_Dur",22518110,"observed","SWMM
","F37B"
0,0,0,0,0.008346,"Wet_BFL_Mag_10",22518110,"observed","SWMM
","F37B"
0.0004400088188,0.0011,0.0065,0.1436,1.97876,"Wet_BFL_Mag_50",22518110,"observed","SWMM
","F37B"
43.8,51,62,64,68.2,"Wet_Tim",22518110,"observed","SWMM
","F37B"
79,79,79,79,79,"Peak_Tim_10",22518110,"observed","SWMM
","F37B"
75,79.5,89.5,101,108.2,"Peak_Tim_2",22518110,"observed","SWMM
","F37B"
82.4,87.5,96,104.5,109.6,"Peak_Tim_5",22518110,"observed","SWMM
","F37B"
1,1,1,1,1,"Peak_Dur_10",22518110,"observed","SWMM
","F37B"
1,1,2,3.25,3.7,"Peak_Dur_2",22518110,"observed","SWMM
","F37B"
1,1,1,1,1,"Peak_Dur_5",22518110,"observed","SWMM
","F37B"
891.56022,891.56022,891.56022,891.56022,891.56022,"Peak_10",22518110,"observed","SWMM
","F37B"
216.1075,216.1075,216.1075,216.1075,216.1075,"Peak_2",22518110,"observed","SWMM
","F37B"
644.83066,644.83066,644.83066,644.83066,644.83066,"Peak_5",22518110,"observed","SWMM
","F37B"
1,1,1,1,1,"Peak_Fre_10",22518110,"observed","SWMM
","F37B"
1,1,2,3,3,"Peak_Fre_2",22518110,"observed","SWMM
","F37B"
1,1,1,1,1,"Peak_Fre_5",22518110,"observed","SWMM
","F37B"
181.5,193.25,223,283.5,303,"DS_Dur_WS",22518270,"observed","SWMM
","F45B"
162.8,176,196,209.5,230.8,"DS_Tim",22518270,"observed","SWMM
","F45B"
0.0149,0.02,0.025,0.045,0.06,"DS_Mag_50",22518270,"observed","SWMM
","F45B"
0.05,0.06264,0.089105,0.1230325,0.14908,"DS_Mag_90",22518270,"observed","SWMM
","F45B"
3.3,3.75,5,6,6,"FA_Dur",22518270,"observed","SWMM
","F45B"
13.2663900695244,29.078776475354,192.316274571754,737.275865151738,1440.18801802802,"FA_Mag",22518270,"observed","SWMM
","F45B"
4,4,7,20,38,"FA_Tim",22518270,"observed","SWMM
","F45B"
0.207439681537939,0.274234693877551,0.395486388915992,0.479914993359022,0.70250052007285,"SP_ROC",22518270,"observed","SWMM
","F45B"
17.8,29,41,56,81.2,"SP_Dur",22518270,"observed","SWMM
","F45B"
52.04728,55.6093,84.1975,3831.5081,10065.53222,"SP_Mag",22518270,"observed","SWMM
","F45B"
93.6,108.5,154,184,215.6,"SP_Tim",22518270,"observed","SWMM
","F45B"
18,19.75,64,125.5,167.5,"Wet_BFL_Dur",22518270,"observed","SWMM
","F45B"
0,0.00421,0.01842,0.05513,0.402275,"Wet_BFL_Mag_10",22518270,"observed","SWMM
","F45B"
0.02,0.0240125,0.119725,0.8573625,4.279275,"Wet_BFL_Mag_50",22518270,"observed","SWMM
","F45B"
16.5,30,55,77.75,90.5,"Wet_Tim",22518270,"observed","SWMM
","F45B"
113,113,113,113,113,"Peak_Tim_10",22518270,"observed","SWMM
","F45B"
5.8,8.5,48,92.75,104.9,"Peak_Tim_2",22518270,"observed","SWMM
","F45B"
82.4,87.5,96,104.5,109.6,"Peak_Tim_5",22518270,"observed","SWMM
","F45B"
1,1,1,1,1,"Peak_Dur_10",22518270,"observed","SWMM
","F45B"
1,1,2.5,4.75,6.1,"Peak_Dur_2",22518270,"observed","SWMM
","F45B"
1.1,1.25,1.5,1.75,1.9,"Peak_Dur_5",22518270,"observed","SWMM
","F45B"
10065.53222,10065.53222,10065.53222,10065.53222,10065.53222,"Peak_10",22518270,"observed","SWMM
","F45B"
347.1336,347.1336,347.1336,347.1336,347.1336,"Peak_2",22518270,"observed","SWMM
","F45B"
6295.31982,6295.31982,6295.31982,6295.31982,6295.31982,"Peak_5",22518270,"observed","SWMM
","F45B"
1,1,1,1,1,"Peak_Fre_10",22518270,"observed","SWMM
","F45B"
1,1,2,3,3,"Peak_Fre_2",22518270,"observed","SWMM
","F45B"
1,1,1,1,1,"Peak_Fre_5",22518270,"observed","SWMM
","F45B"
185.5,193.75,198,201.5,202.5,"DS_Dur_WS",22515824,"observed","SWMM
","F57C"
218.6,226,236,255.5,284.2,"DS_Tim",22515824,"observed","SWMM
","F57C"
74.666975,77.1612125,84.67455,88.806925,92.46485,"DS_Mag_50",22515824,"observed","SWMM
","F57C"
81.523675,85.1197375,92.95693,94.22434,98.855155,"DS_Mag_90",22515824,"observed","SWMM
","F57C"
1.6,2,2,3,3.4,"FA_Dur",22515824,"observed","SWMM
","F57C"
273.292664731343,325.684987990362,350.017012493218,536.393814712482,1335.94017383494,"FA_Mag",22515824,"observed","SWMM
","F57C"
3.6,4,8,13,22,"FA_Tim",22515824,"observed","SWMM
","F57C"
0.0141800438532255,0.0166739388400849,0.0299216014378235,0.0445633923691267,0.0510136565215173,"SP_ROC",22515824,"observed","SWMM
","F57C"
18,29,58,86.5,95.4,"SP_Dur",22515824,"observed","SWMM
","F57C"
636.92102,902.43405,3039.0935,8084.006,9769.91326,"SP_Mag",22515824,"observed","SWMM
","F57C"
149.6,164,195,210,224.2,"SP_Tim",22515824,"observed","SWMM
","F57C"
48,89.75,129,168.25,183.5,"Wet_BFL_Dur",22515824,"observed","SWMM
","F57C"
76.945815,81.677475,94.41165,100.938735,107.474865,"Wet_BFL_Mag_10",22515824,"observed","SWMM
","F57C"
86.665625,95.0123,111.779175,118.5913375,134.4746,"Wet_BFL_Mag_50",22515824,"observed","SWMM
","F57C"
40.5,46.5,56.5,65.75,100.5,"Wet_Tim",22515824,"observed","SWMM
","F57C"
170,170,170,170,170,"Peak_Tim_10",22515824,"observed","SWMM
","F57C"
84.3,102.75,118.75,130.875,142.35,"Peak_Tim_2",22515824,"observed","SWMM
","F57C"
142.1,146.75,154.5,162.25,166.9,"Peak_Tim_5",22515824,"observed","SWMM
","F57C"
1,1,1,1,1,"Peak_Dur_10",22515824,"observed","SWMM
","F57C"
1,1,1.5,2.25,2.7,"Peak_Dur_2",22515824,"observed","SWMM
","F57C"
1,1,1,1,1,"Peak_Dur_5",22515824,"observed","SWMM
","F57C"
9769.91326,9769.91326,9769.91326,9769.91326,9769.91326,"Peak_10",22515824,"observed","SWMM
","F57C"
4058.0969,4058.0969,4058.0969,4058.0969,4058.0969,"Peak_2",22515824,"observed","SWMM
","F57C"
8135.95766,8135.95766,8135.95766,8135.95766,8135.95766,"Peak_5",22515824,"observed","SWMM
","F57C"
1,1,1,1,1,"Peak_Fre_10",22515824,"observed","SWMM
","F57C"
1,1,1.5,2.25,2.7,"Peak_Fre_2",22515824,"observed","SWMM
","F57C"
1,1,1,1,1,"Peak_Fre_5",22515824,"observed","SWMM
","F57C"
120.5,182,197.5,202.5,237,"DS_Dur_WS",22515824,"observed","SWMM
","GLEN"
198.2,226,237,287,320.4,"DS_Tim",22515824,"observed","SWMM
","GLEN"
72.56235,75.5426625,79.416975,84.6766125,89.414075,"DS_Mag_50",22515824,"observed","SWMM
","GLEN"
80.29855,83.5467,87.30678,91.27833,95.77261,"DS_Mag_90",22515824,"observed","SWMM
","GLEN"
1,1.5,2,3,3.4,"FA_Dur",22515824,"observed","SWMM
","GLEN"
248.226149000463,275.675358530527,288.816439524691,453.468348149924,1178.28566058087,"FA_Mag",22515824,"observed","SWMM
","GLEN"
3.6,4,8,13,22,"FA_Tim",22515824,"observed","SWMM
","GLEN"
0.0136441181973821,0.0182789502637275,0.031076042905769,0.0519034583933698,0.0526819364586183,"SP_ROC",22515824,"observed","SWMM
","GLEN"
14,21,34,89.5,138.8,"SP_Dur",22515824,"observed","SWMM
","GLEN"
535.63114,789.7055,2886.8348,7550.46755,9249.15782,"SP_Mag",22515824,"observed","SWMM
","GLEN"
149.6,164,195,210,224.2,"SP_Tim",22515824,"observed","SWMM
","GLEN"
48,89.75,129,168.25,183.5,"Wet_BFL_Dur",22515824,"observed","SWMM
","GLEN"
73.788265,78.5636,91.077075,97.7023225,104.284365,"Wet_BFL_Mag_10",22515824,"observed","SWMM
","GLEN"
83.45125,91.83625,108.6013,115.4146,131.22035,"Wet_BFL_Mag_50",22515824,"observed","SWMM
","GLEN"
40.5,46.5,56.5,65.75,100.5,"Wet_Tim",22515824,"observed","SWMM
","GLEN"
170,170,170,170,170,"Peak_Tim_10",22515824,"observed","SWMM
","GLEN"
84.3,102.75,118.75,130.875,142.35,"Peak_Tim_2",22515824,"observed","SWMM
","GLEN"
142.1,146.75,154.5,162.25,166.9,"Peak_Tim_5",22515824,"observed","SWMM
","GLEN"
1,1,1,1,1,"Peak_Dur_10",22515824,"observed","SWMM
","GLEN"
1,1,1.5,2.25,2.7,"Peak_Dur_2",22515824,"observed","SWMM
","GLEN"
1,1,1,1,1,"Peak_Dur_5",22515824,"observed","SWMM
","GLEN"
9249.15782,9249.15782,9249.15782,9249.15782,9249.15782,"Peak_10",22515824,"observed","SWMM
","GLEN"
3674.5249,3674.5249,3674.5249,3674.5249,3674.5249,"Peak_2",22515824,"observed","SWMM
","GLEN"
7631.21036,7631.21036,7631.21036,7631.21036,7631.21036,"Peak_5",22515824,"observed","SWMM
","GLEN"
1,1,1,1,1,"Peak_Fre_10",22515824,"observed","SWMM
","GLEN"
1,1,1.5,2.25,2.7,"Peak_Fre_2",22515824,"observed","SWMM
","GLEN"
1,1,1,1,1,"Peak_Fre_5",22515824,"observed","SWMM
","GLEN"
157.5,171.5,197.5,204.75,207.5,"DS_Dur_WS",22518274,"observed","SWMM
","LA1"
222.4,229.5,239,242.5,286.4,"DS_Tim",22518274,"observed","SWMM
","LA1"
117.9982,122.5421375,124.40595,131.7329875,141.36575,"DS_Mag_50",22518274,"observed","SWMM
","LA1"
134.624405,138.0270175,148.79792,177.399465,184.98486,"DS_Mag_90",22518274,"observed","SWMM
","LA1"
1.6,2.5,3,5,6.8,"FA_Dur",22518274,"observed","SWMM
","LA1"
326.479952158066,473.016579662538,764.670769963913,1504.30662538554,3386.62497075774,"FA_Mag",22518274,"observed","SWMM
","LA1"
3.6,4,8,13,22,"FA_Tim",22518274,"observed","SWMM
","LA1"
0.0137969652619722,0.0159094931565495,0.0234420125335671,0.0327452947647698,0.0384412536789939,"SP_ROC",22518274,"observed","SWMM
","LA1"
23.2,34.5,60,75.5,102.6,"SP_Dur",22518274,"observed","SWMM
","LA1"
970.4674,1371.14735,1622.6795,8076.003,12520.60918,"SP_Mag",22518274,"observed","SWMM
","LA1"
149.6,164.5,194,216.5,224.2,"SP_Tim",22518274,"observed","SWMM
","LA1"
45.5,82.5,120.5,166,179.5,"Wet_BFL_Dur",22518274,"observed","SWMM
","LA1"
117.585375,121.00052,132.11887,151.91217,157.675075,"Wet_BFL_Mag_10",22518274,"observed","SWMM
","LA1"
132.282475,135.505475,160.62725,189.131,207.2376,"Wet_BFL_Mag_50",22518274,"observed","SWMM
","LA1"
45.5,52,64,70,103,"Wet_Tim",22518274,"observed","SWMM
","LA1"
113,113,113,113,113,"Peak_Tim_10",22518274,"observed","SWMM
","LA1"
84.3,102.75,118.75,130.875,142.35,"Peak_Tim_2",22518274,"observed","SWMM
","LA1"
82.4,87.5,96,104.5,109.6,"Peak_Tim_5",22518274,"observed","SWMM
","LA1"
1,1,1,1,1,"Peak_Dur_10",22518274,"observed","SWMM
","LA1"
1,1,2,3.5,4.4,"Peak_Dur_2",22518274,"observed","SWMM
","LA1"
1,1,1,1,1,"Peak_Dur_5",22518274,"observed","SWMM
","LA1"
20773.42774,20773.42774,20773.42774,20773.42774,20773.42774,"Peak_10",22518274,"observed","SWMM
","LA1"
7263.6584,7263.6584,7263.6584,7263.6584,7263.6584,"Peak_2",22518274,"observed","SWMM
","LA1"
16851.25722,16851.25722,16851.25722,16851.25722,16851.25722,"Peak_5",22518274,"observed","SWMM
","LA1"
1,1,1,1,1,"Peak_Fre_10",22518274,"observed","SWMM
","LA1"
1,1,1.5,2.25,2.7,"Peak_Fre_2",22518274,"observed","SWMM
","LA1"
1,1,1,1,1,"Peak_Fre_5",22518274,"observed","SWMM
","LA1"
107.5,158.5,185.5,198.25,201.5,"DS_Dur_WS",22515824,"observed","SWMM
","LA11"
226.6,233.5,274,290.5,321,"DS_Tim",22515824,"observed","SWMM
","LA11"
73.617225,76.4056375,80.7742,86.0392375,90.8244,"DS_Mag_50",22515824,"observed","SWMM
","LA11"
80.685855,83.3956325,88.628975,92.6144375,97.19736,"DS_Mag_90",22515824,"observed","SWMM
","LA11"
1,1.5,2,3,3.4,"FA_Dur",22515824,"observed","SWMM
","LA11"
256.648026339607,288.439027733433,307.452854328661,469.401294370659,1221.98290943933,"FA_Mag",22515824,"observed","SWMM
","LA11"
3.6,4,8,13,22,"FA_Tim",22515824,"observed","SWMM
","LA11"
0.0134429772943045,0.0158881581069809,0.0305384070438215,0.044741565713965,0.0511936726174071,"SP_ROC",22515824,"observed","SWMM
","LA11"
18,29,80,118.5,161,"SP_Dur",22515824,"observed","SWMM
","LA11"
556.13074,813.95065,2936.284,7719.4526,9415.75554,"SP_Mag",22515824,"observed","SWMM
","LA11"
149.6,164,195,210,224.2,"SP_Tim",22515824,"observed","SWMM
","LA11"
48,89.75,129,168.25,183.5,"Wet_BFL_Dur",22515824,"observed","SWMM
","LA11"
75.234215,79.971975,92.73505,99.259085,105.772045,"Wet_BFL_Mag_10",22515824,"observed","SWMM
","LA11"
84.929175,93.3144,110.066625,116.8859625,132.722825,"Wet_BFL_Mag_50",22515824,"observed","SWMM
","LA11"
40.5,46.5,56.5,65.75,100.5,"Wet_Tim",22515824,"observed","SWMM
","LA11"
170,170,170,170,170,"Peak_Tim_10",22515824,"observed","SWMM
","LA11"
84.3,102.75,118.75,130.875,142.35,"Peak_Tim_2",22515824,"observed","SWMM
","LA11"
142.1,146.75,154.5,162.25,166.9,"Peak_Tim_5",22515824,"observed","SWMM
","LA11"
1,1,1,1,1,"Peak_Dur_10",22515824,"observed","SWMM
","LA11"
1,1,1.5,2.25,2.7,"Peak_Dur_2",22515824,"observed","SWMM
","LA11"
1,1,1,1,1,"Peak_Dur_5",22515824,"observed","SWMM
","LA11"
9415.75554,9415.75554,9415.75554,9415.75554,9415.75554,"Peak_10",22515824,"observed","SWMM
","LA11"
3766.0829,3766.0829,3766.0829,3766.0829,3766.0829,"Peak_2",22515824,"observed","SWMM
","LA11"
7796.9807,7796.9807,7796.9807,7796.9807,7796.9807,"Peak_5",22515824,"observed","SWMM
","LA11"
1,1,1,1,1,"Peak_Fre_10",22515824,"observed","SWMM
","LA11"
1,1,1.5,2.25,2.7,"Peak_Fre_2",22515824,"observed","SWMM
","LA11"
1,1,1,1,1,"Peak_Fre_5",22515824,"observed","SWMM
","LA11"
119,182.75,196.5,203.5,239.5,"DS_Dur_WS",22514960,"observed","SWMM
","LA13"
197.2,225.5,237,286.5,321.6,"DS_Tim",22514960,"observed","SWMM
","LA13"
60.312825,62.3290875,64.077025,69.1042625,73.83135,"DS_Mag_50",22514960,"observed","SWMM
","LA13"
65.32799,68.8288675,71.55187,74.1422575,78.31601,"DS_Mag_90",22514960,"observed","SWMM
","LA13"
1,1.5,2,3,3.4,"FA_Dur",22514960,"observed","SWMM
","LA13"
226.984425678564,253.067897117887,265.765288146568,431.274333857437,1146.26682044064,"FA_Mag",22514960,"observed","SWMM
","LA13"
3.6,4,8,13,22,"FA_Tim",22514960,"observed","SWMM
","LA13"
0.00685930450387014,0.00842500485590047,0.0289484536504807,0.0487160094104409,0.0558402889821999,"SP_ROC",22514960,"observed","SWMM
","LA13"
13.4,20,34,89,139.4,"SP_Dur",22514960,"observed","SWMM
","LA13"
514.23938,766.5161,2853.0023,7494.2205,9189.38316,"SP_Mag",22514960,"observed","SWMM
","LA13"
149.6,164,195,210,224.2,"SP_Tim",22514960,"observed","SWMM
","LA13"
48,88.25,129,169,184,"Wet_BFL_Dur",22514960,"observed","SWMM
","LA13"
59.187355,65.8537925,77.31308,79.360625,82.31199,"Wet_BFL_Mag_10",22514960,"observed","SWMM
","LA13"
67.644375,74.5228,87.492325,98.8833625,111.771775,"Wet_BFL_Mag_50",22514960,"observed","SWMM
","LA13"
40.5,46.25,56,67.25,100.5,"Wet_Tim",22514960,"observed","SWMM
","LA13"
170,170,170,170,170,"Peak_Tim_10",22514960,"observed","SWMM
","LA13"
84.3,102.75,118.75,130.875,142.35,"Peak_Tim_2",22514960,"observed","SWMM
","LA13"
142.1,146.75,154.5,162.25,166.9,"Peak_Tim_5",22514960,"observed","SWMM
","LA13"
1,1,1,1,1,"Peak_Dur_10",22514960,"observed","SWMM
","LA13"
1,1,1.5,2.25,2.7,"Peak_Dur_2",22514960,"observed","SWMM
","LA13"
1,1,1,1,1,"Peak_Dur_5",22514960,"observed","SWMM
","LA13"
9189.38316,9189.38316,9189.38316,9189.38316,9189.38316,"Peak_10",22514960,"observed","SWMM
","LA13"
3632.2664,3632.2664,3632.2664,3632.2664,3632.2664,"Peak_2",22514960,"observed","SWMM
","LA13"
7576.39464,7576.39464,7576.39464,7576.39464,7576.39464,"Peak_5",22514960,"observed","SWMM
","LA13"
1,1,1,1,1,"Peak_Fre_10",22514960,"observed","SWMM
","LA13"
1,1,1.5,2.25,2.7,"Peak_Fre_2",22514960,"observed","SWMM
","LA13"
1,1,1,1,1,"Peak_Fre_5",22514960,"observed","SWMM
","LA13"
72,113.75,195.5,202.25,239,"DS_Dur_WS",22514960,"observed","SWMM
","LA14"
201,233,272,307.5,330.8,"DS_Tim",22514960,"observed","SWMM
","LA14"
58.804525,61.3284625,62.91615,69.1337,73.30985,"DS_Mag_50",22514960,"observed","SWMM
","LA14"
63.530725,67.140625,70.42554,73.543325,77.43348,"DS_Mag_90",22514960,"observed","SWMM
","LA14"
1,1.5,3,3,3,"FA_Dur",22514960,"observed","SWMM
","LA14"
171.138100579051,192.639491894963,225.610789902283,391.290345378027,1051.48399183541,"FA_Mag",22514960,"observed","SWMM
","LA14"
3.6,4,8,13,22,"FA_Tim",22514960,"observed","SWMM
","LA14"
0.00594475990590085,0.00758598595219357,0.0181312209268902,0.0235879502424224,0.0362536522277741,"SP_ROC",22514960,"observed","SWMM
","LA14"
26.8,57,82,106.5,149.8,"SP_Dur",22514960,"observed","SWMM
","LA14"
648.42032,1219.95825,2726.7412,7086.09035,8756.48324,"SP_Mag",22514960,"observed","SWMM
","LA14"
149.6,154.5,174,197,207.8,"SP_Tim",22514960,"observed","SWMM
","LA14"
49,84,118,129.5,158,"Wet_BFL_Dur",22514960,"observed","SWMM
","LA14"
60.54198,67.94247,73.90147,76.9479725,79.11555,"Wet_BFL_Mag_10",22514960,"observed","SWMM
","LA14"
68.3204,76.3418,85.133625,94.3231375,105.249575,"Wet_BFL_Mag_50",22514960,"observed","SWMM
","LA14"
40.5,46.25,56,66.5,99.5,"Wet_Tim",22514960,"observed","SWMM
","LA14"
170,170,170,170,170,"Peak_Tim_10",22514960,"observed","SWMM
","LA14"
84.3,102.75,118.75,130.875,142.35,"Peak_Tim_2",22514960,"observed","SWMM
","LA14"
142.1,146.75,154.5,162.25,166.9,"Peak_Tim_5",22514960,"observed","SWMM
","LA14"
1,1,1,1,1,"Peak_Dur_10",22514960,"observed","SWMM
","LA14"
1,1,1.5,2.25,2.7,"Peak_Dur_2",22514960,"observed","SWMM
","LA14"
1,1,1,1,1,"Peak_Dur_5",22514960,"observed","SWMM
","LA14"
8756.48324,8756.48324,8756.48324,8756.48324,8756.48324,"Peak_10",22514960,"observed","SWMM
","LA14"
3369.5559,3369.5559,3369.5559,3369.5559,3369.5559,"Peak_2",22514960,"observed","SWMM
","LA14"
7201.54226,7201.54226,7201.54226,7201.54226,7201.54226,"Peak_5",22514960,"observed","SWMM
","LA14"
1,1,1,1,1,"Peak_Fre_10",22514960,"observed","SWMM
","LA14"
1,1,1.5,2.25,2.7,"Peak_Fre_2",22514960,"observed","SWMM
","LA14"
1,1,1,1,1,"Peak_Fre_5",22514960,"observed","SWMM
","LA14"
157.5,171.5,197.5,204.75,207.5,"DS_Dur_WS",22518274,"observed","SWMM
","LA2"
222.4,229.5,239,242.5,286.4,"DS_Tim",22518274,"observed","SWMM
","LA2"
117.9982,122.5421375,124.40595,131.7329875,141.36575,"DS_Mag_50",22518274,"observed","SWMM
","LA2"
134.624405,138.0270175,148.79697,177.39899,184.98486,"DS_Mag_90",22518274,"observed","SWMM
","LA2"
1.6,2.5,3,5,6.8,"FA_Dur",22518274,"observed","SWMM
","LA2"
326.47110636554,472.774277783026,760.905420351589,1498.46102017899,3379.61805782527,"FA_Mag",22518274,"observed","SWMM
","LA2"
3.6,4,8,13,22,"FA_Tim",22518274,"observed","SWMM
","LA2"
0.0137920529810116,0.0158808244150612,0.0234420125335671,0.0327452947647698,0.0383956150287701,"SP_ROC",22518274,"observed","SWMM
","LA2"
23.2,34.5,60,75.5,102.6,"SP_Dur",22518274,"observed","SWMM
","LA2"
967.1828,1364.38685,1616.297,8052.20015,12405.88458,"SP_Mag",22518274,"observed","SWMM
","LA2"
149.6,164.5,194,216.5,224.2,"SP_Tim",22518274,"observed","SWMM
","LA2"
45.5,82.5,120.5,166,179.5,"Wet_BFL_Dur",22518274,"observed","SWMM
","LA2"
117.585375,121.00052,132.11887,151.91217,157.674265,"Wet_BFL_Mag_10",22518274,"observed","SWMM
","LA2"
132.277475,135.505475,160.62725,189.131,207.069525,"Wet_BFL_Mag_50",22518274,"observed","SWMM
","LA2"
45.5,52,64,70,103,"Wet_Tim",22518274,"observed","SWMM
","LA2"
113,113,113,113,113,"Peak_Tim_10",22518274,"observed","SWMM
","LA2"
84.3,102.75,118.75,130.875,142.35,"Peak_Tim_2",22518274,"observed","SWMM
","LA2"
82.4,87.5,96,104.5,109.6,"Peak_Tim_5",22518274,"observed","SWMM
","LA2"
1,1,1,1,1,"Peak_Dur_10",22518274,"observed","SWMM
","LA2"
1,1,2,3.5,4.4,"Peak_Dur_2",22518274,"observed","SWMM
","LA2"
1,1,1,1,1,"Peak_Dur_5",22518274,"observed","SWMM
","LA2"
20465.10708,20465.10708,20465.10708,20465.10708,20465.10708,"Peak_10",22518274,"observed","SWMM
","LA2"
7172.8921,7172.8921,7172.8921,7172.8921,7172.8921,"Peak_2",22518274,"observed","SWMM
","LA2"
16706.12674,16706.12674,16706.12674,16706.12674,16706.12674,"Peak_5",22518274,"observed","SWMM
","LA2"
1,1,1,1,1,"Peak_Fre_10",22518274,"observed","SWMM
","LA2"
1,1,1.5,2.25,2.7,"Peak_Fre_2",22518274,"observed","SWMM
","LA2"
1,1,1,1,1,"Peak_Fre_5",22518274,"observed","SWMM
","LA2"
117,133.75,164.5,187.75,211,"DS_Dur_WS",22514906,"observed","SWMM
","LA20"
216,233.5,293,305,317,"DS_Tim",22514906,"observed","SWMM
","LA20"
1.784375,2.6052125,4.3597,6.399825,7.3362,"DS_Mag_50",22514906,"observed","SWMM
","LA20"
4.497505,6.113405,7.672275,9.684355,10.995895,"DS_Mag_90",22514906,"observed","SWMM
","LA20"
2,2.5,3,3,3.4,"FA_Dur",22514906,"observed","SWMM
","LA20"
26.1476232721432,45.6291668371871,128.354044584206,239.733115654525,471.715213293707,"FA_Mag",22514906,"observed","SWMM
","LA20"
4,4.5,8,13,21.6,"FA_Tim",22514906,"observed","SWMM
","LA20"
0.0823527893243551,0.087748653768902,0.118053050525455,0.143060816404331,0.179131606277837,"SP_ROC",22514906,"observed","SWMM
","LA20"
39.2,57,114,134.5,150.4,"SP_Dur",22514906,"observed","SWMM
","LA20"
220.51582,454.59135,1176.1255,2919.70785,3631.55216,"SP_Mag",22514906,"observed","SWMM
","LA20"
149.6,154.5,174,197,207.8,"SP_Tim",22514906,"observed","SWMM
","LA20"
51.5,81.25,111,125,159.5,"Wet_BFL_Dur",22514906,"observed","SWMM
","LA20"
0.716095,2.166185,5.83478,9.459905,10.61225,"Wet_BFL_Mag_10",22514906,"observed","SWMM
","LA20"
9.295025,12.4830375,13.70665,20.71385,25.799625,"Wet_BFL_Mag_50",22514906,"observed","SWMM
","LA20"
38.5,49.75,63.5,69.75,97,"Wet_Tim",22514906,"observed","SWMM
","LA20"
170,170,170,170,170,"Peak_Tim_10",22514906,"observed","SWMM
","LA20"
84.3,102.75,118.75,130.875,142.35,"Peak_Tim_2",22514906,"observed","SWMM
","LA20"
142.1,146.75,154.5,162.25,166.9,"Peak_Tim_5",22514906,"observed","SWMM
","LA20"
1,1,1,1,1,"Peak_Dur_10",22514906,"observed","SWMM
","LA20"
1,1,1.5,2.25,2.7,"Peak_Dur_2",22514906,"observed","SWMM
","LA20"
1,1,1,1,1,"Peak_Dur_5",22514906,"observed","SWMM
","LA20"
3631.55216,3631.55216,3631.55216,3631.55216,3631.55216,"Peak_10",22514906,"observed","SWMM
","LA20"
1282.6836,1282.6836,1282.6836,1282.6836,1282.6836,"Peak_2",22514906,"observed","SWMM
","LA20"
3238.99434,3238.99434,3238.99434,3238.99434,3238.99434,"Peak_5",22514906,"observed","SWMM
","LA20"
1,1,1,1,1,"Peak_Fre_10",22514906,"observed","SWMM
","LA20"
1,1,1.5,2.25,2.7,"Peak_Fre_2",22514906,"observed","SWMM
","LA20"
1,1,1,1,1,"Peak_Fre_5",22514906,"observed","SWMM
","LA20"
145,168.25,186,198.5,213.5,"DS_Dur_WS",22515812,"observed","SWMM
","LA20_2"
216.2,228.5,239,271,305.4,"DS_Tim",22515812,"observed","SWMM
","LA20_2"
25.456325,27.622475,29.3678,32.719325,34.448275,"DS_Mag_50",22515812,"observed","SWMM
","LA20_2"
28.997535,31.794175,34.00342,36.71128,37.723895,"DS_Mag_90",22515812,"observed","SWMM
","LA20_2"
2.6,3,3,4.5,5.4,"FA_Dur",22515812,"observed","SWMM
","LA20_2"
66.7103251308782,86.4368679081589,199.702279534982,356.977982823124,717.123639005765,"FA_Mag",22515812,"observed","SWMM
","LA20_2"
4,4.5,8,13,21.6,"FA_Tim",22515812,"observed","SWMM
","LA20_2"
0.0245118673308599,0.0255883797530435,0.0293217031336099,0.0379475286051556,0.0453145594523812,"SP_ROC",22515812,"observed","SWMM
","LA20_2"
33.4,53.5,81,98,120.4,"SP_Dur",22515812,"observed","SWMM
","LA20_2"
381.57534,733.9885,1665.8224,4312.6259,5429.49208,"SP_Mag",22515812,"observed","SWMM
","LA20_2"
149.6,154.5,174,197,207.8,"SP_Tim",22515812,"observed","SWMM
","LA20_2"
47.5,82,111,124.25,158,"Wet_BFL_Dur",22515812,"observed","SWMM
","LA20_2"
19.15052,24.098165,25.13684,31.80953,35.30741,"Wet_BFL_Mag_10",22515812,"observed","SWMM
","LA20_2"
32.8135,36.60355,40.04265,46.481675,52.52465,"Wet_BFL_Mag_50",22515812,"observed","SWMM
","LA20_2"
39.5,49.75,64,69.25,101,"Wet_Tim",22515812,"observed","SWMM
","LA20_2"
170,170,170,170,170,"Peak_Tim_10",22515812,"observed","SWMM
","LA20_2"
84.3,102.75,118.75,130.875,142.35,"Peak_Tim_2",22515812,"observed","SWMM
","LA20_2"
142.1,146.75,154.5,162.25,166.9,"Peak_Tim_5",22515812,"observed","SWMM
","LA20_2"
1,1,1,1,1,"Peak_Dur_10",22515812,"observed","SWMM
","LA20_2"
1,1,1.5,2.25,2.7,"Peak_Dur_2",22515812,"observed","SWMM
","LA20_2"
1,1,1,1,1,"Peak_Dur_5",22515812,"observed","SWMM
","LA20_2"
5429.49208,5429.49208,5429.49208,5429.49208,5429.49208,"Peak_10",22515812,"observed","SWMM
","LA20_2"
1971.0187,1971.0187,1971.0187,1971.0187,1971.0187,"Peak_2",22515812,"observed","SWMM
","LA20_2"
4578.11552,4578.11552,4578.11552,4578.11552,4578.11552,"Peak_5",22515812,"observed","SWMM
","LA20_2"
1,1,1,1,1,"Peak_Fre_10",22515812,"observed","SWMM
","LA20_2"
1,1,1.5,2.25,2.7,"Peak_Fre_2",22515812,"observed","SWMM
","LA20_2"
1,1,1,1,1,"Peak_Fre_5",22515812,"observed","SWMM
","LA20_2"
158,173.25,198,204,207,"DS_Dur_WS",22518110,"observed","SWMM
","LA3"
222.4,230,238,250,295.2,"DS_Tim",22518110,"observed","SWMM
","LA3"
117.187875,122.51895,124.31545,130.254275,140.26255,"DS_Mag_50",22518110,"observed","SWMM
","LA3"
134.3722,137.118175,146.55935,175.85718,183.51188,"DS_Mag_90",22518110,"observed","SWMM
","LA3"
1.6,2.5,3,5,6.8,"FA_Dur",22518110,"observed","SWMM
","LA3"
323.861786975206,455.472543588194,617.440209438742,1308.24545899867,3132.46065322087,"FA_Mag",22518110,"observed","SWMM
","LA3"
3.6,4,8,13,22,"FA_Tim",22518110,"observed","SWMM
","LA3"
0.0142460540944318,0.016303739720952,0.0220731234714677,0.0311892464012772,0.0389757584444974,"SP_ROC",22518110,"observed","SWMM
","LA3"
21.6,34,60,84,103,"SP_Dur",22518110,"observed","SWMM
","LA3"
825.61872,1198.94885,1531.2912,7465.3499,11428.87744,"SP_Mag",22518110,"observed","SWMM
","LA3"
149.6,164.5,194,216.5,224.2,"SP_Tim",22518110,"observed","SWMM
","LA3"
45.5,82.5,120.5,166,179.5,"Wet_BFL_Dur",22518110,"observed","SWMM
","LA3"
117.316965,120.2742825,131.471425,145.325615,152.881525,"Wet_BFL_Mag_10",22518110,"observed","SWMM
","LA3"
131.827125,135.281,156.31695,180.602125,187.594325,"Wet_BFL_Mag_50",22518110,"observed","SWMM
","LA3"
45.5,52,64,70,103,"Wet_Tim",22518110,"observed","SWMM
","LA3"
113,113,113,113,113,"Peak_Tim_10",22518110,"observed","SWMM
","LA3"
84.3,102.75,118.75,130.875,142.35,"Peak_Tim_2",22518110,"observed","SWMM
","LA3"
82.4,87.5,96,104.5,109.6,"Peak_Tim_5",22518110,"observed","SWMM
","LA3"
1,1,1,1,1,"Peak_Dur_10",22518110,"observed","SWMM
","LA3"
1,1,2,3.5,4.4,"Peak_Dur_2",22518110,"observed","SWMM
","LA3"
1,1,1,1,1,"Peak_Dur_5",22518110,"observed","SWMM
","LA3"
18241.10646,18241.10646,18241.10646,18241.10646,18241.10646,"Peak_10",22518110,"observed","SWMM
","LA3"
6291.9491,6291.9491,6291.9491,6291.9491,6291.9491,"Peak_2",22518110,"observed","SWMM
","LA3"
14704.03884,14704.03884,14704.03884,14704.03884,14704.03884,"Peak_5",22518110,"observed","SWMM
","LA3"
1,1,1,1,1,"Peak_Fre_10",22518110,"observed","SWMM
","LA3"
1,1,1.5,2.25,2.7,"Peak_Fre_2",22518110,"observed","SWMM
","LA3"
1,1,1,1,1,"Peak_Fre_5",22518110,"observed","SWMM
","LA3"
185.5,195.5,200.5,203.25,204,"DS_Dur_WS",22515036,"observed","SWMM
","LA8"
219.6,227,230,254.5,283,"DS_Tim",22515036,"observed","SWMM
","LA8"
94.1605,97.858475,99.92145,101.772625,102.40095,"DS_Mag_50",22515036,"observed","SWMM
","LA8"
105.219325,107.8645075,111.859775,115.50987,117.519735,"DS_Mag_90",22515036,"observed","SWMM
","LA8"
1,1.5,2,3,3.4,"FA_Dur",22515036,"observed","SWMM
","LA8"
290.745091359054,369.111820574673,405.495103250262,670.685142490643,1543.84528861926,"FA_Mag",22515036,"observed","SWMM
","LA8"
3.6,4,8,13,22,"FA_Tim",22515036,"observed","SWMM
","LA8"
0.0143203679124409,0.0165161787290414,0.0225532755923998,0.0354995238086096,0.0412446279091929,"SP_ROC",22515036,"observed","SWMM
","LA8"
18.6,30,59,83.5,91,"SP_Dur",22515036,"observed","SWMM
","LA8"
772.53388,1060.9443,3192.2843,8599.3524,10237.24192,"SP_Mag",22515036,"observed","SWMM
","LA8"
149.6,164,195,210,224.2,"SP_Tim",22515036,"observed","SWMM
","LA8"
47,88.25,128.5,168,183.5,"Wet_BFL_Dur",22515036,"observed","SWMM
","LA8"
92.48157,96.32996,105.82727,112.19606,119.7226,"Wet_BFL_Mag_10",22515036,"observed","SWMM
","LA8"
101.19365,107.070925,122.435825,133.2925125,144.381275,"Wet_BFL_Mag_50",22515036,"observed","SWMM
","LA8"
40.5,46.5,57,67.5,101.5,"Wet_Tim",22515036,"observed","SWMM
","LA8"
170,170,170,170,170,"Peak_Tim_10",22515036,"observed","SWMM
","LA8"
75,79.5,97.5,122.25,138.9,"Peak_Tim_2",22515036,"observed","SWMM
","LA8"
142.1,146.75,154.5,162.25,166.9,"Peak_Tim_5",22515036,"observed","SWMM
","LA8"
1,1,1,1,1,"Peak_Dur_10",22515036,"observed","SWMM
","LA8"
1,1,2,3,3,"Peak_Dur_2",22515036,"observed","SWMM
","LA8"
1,1,1,1,1,"Peak_Dur_5",22515036,"observed","SWMM
","LA8"
10237.24192,10237.24192,10237.24192,10237.24192,10237.24192,"Peak_10",22515036,"observed","SWMM
","LA8"
4517.7136,4517.7136,4517.7136,4517.7136,4517.7136,"Peak_2",22515036,"observed","SWMM
","LA8"
8632.377,8632.377,8632.377,8632.377,8632.377,"Peak_5",22515036,"observed","SWMM
","LA8"
1,1,1,1,1,"Peak_Fre_10",22515036,"observed","SWMM
","LA8"
1,1,2,3,3,"Peak_Fre_2",22515036,"observed","SWMM
","LA8"
1,1,1,1,1,"Peak_Fre_5",22515036,"observed","SWMM
","LA8"
